Date,Name,Year,Letterboxd URI
2022-08-07,Baby Driver,2017,https://boxd.it/bhF2
2022-08-07,Hackers,1995,https://boxd.it/1WhU
2022-08-07,The Babadook,2014,https://boxd.it/77xu
2022-08-07,Devil,2010,https://boxd.it/SX6
2022-08-07,Watership Down,1978,https://boxd.it/1SYg
2022-08-07,Nitram,2021,https://boxd.it/u0rA
2022-08-07,The Stepford Wives,2004,https://boxd.it/1XBc
2022-08-07,The Stepford Wives,1975,https://boxd.it/1Sfq
2022-08-07,W.,2008,https://boxd.it/1W3o
2022-08-07,Fear and Loathing in Las Vegas,1998,https://boxd.it/27Xs
2022-08-07,Lars and the Real Girl,2007,https://boxd.it/21tG
2022-08-07,Wild Strawberries,1957,https://boxd.it/29ZU
2022-08-07,Brüno,2009,https://boxd.it/1GSA
2022-08-07,Ali G Indahouse,2002,https://boxd.it/1Z24
2022-08-07,Grimsby,2016,https://boxd.it/7ZkO
2022-08-07,White Chicks,2004,https://boxd.it/1SpK
2022-08-07,Another Round,2020,https://boxd.it/lkba
2022-08-07,Donnie Darko,2001,https://boxd.it/2b2A
2022-08-07,Vertigo,1958,https://boxd.it/2apI
2022-08-07,Fargo,1996,https://boxd.it/2aHM
2022-08-07,Shutter Island,2010,https://boxd.it/1U82
2022-08-07,Bruce Almighty,2003,https://boxd.it/2aCC
2022-08-07,Don't Look Up,2021,https://boxd.it/o0Hc
2022-08-07,The Man in the Iron Mask,1998,https://boxd.it/1YZO
2022-08-07,Casino,1995,https://boxd.it/2ads
2022-08-07,Whiplash,2014,https://boxd.it/7bQA
2022-08-07,Aliens,1986,https://boxd.it/29PA
2022-08-07,Tove,2020,https://boxd.it/msKO
2022-08-07,Drive,2011,https://boxd.it/IG
2022-08-07,The McPherson Tape,1989,https://boxd.it/68K8
2022-08-07,Peeping Tom,1960,https://boxd.it/1Utk
2022-08-07,Soul Food,1997,https://boxd.it/2lbM
2022-08-07,Pokémon Detective Pikachu,2019,https://boxd.it/fVA0
2022-08-07,Dr. Strangelove or: How I Learned to Stop Worrying and Love the Bomb,1964,https://boxd.it/29eY
2022-08-07,Threads,1984,https://boxd.it/1I0g
2022-08-07,The Phantom Carriage,1921,https://boxd.it/l4s
2022-08-07,Identity,2003,https://boxd.it/26e2
2022-08-07,The Boondock Saints,1999,https://boxd.it/20gw
2022-08-07,Overnight,2003,https://boxd.it/1sHS
2022-08-07,"Salò, or the 120 Days of Sodom",1975,https://boxd.it/237s
2022-08-07,Possum,2018,https://boxd.it/gW5u
2022-08-07,Lunacy,2005,https://boxd.it/1Cm6
2022-08-07,The Dirties,2013,https://boxd.it/4ZGa
2022-08-07,Deranged,1974,https://boxd.it/1368
2022-08-07,Ichi the Killer,2001,https://boxd.it/1Y1O
2022-08-07,The 39 Steps,1935,https://boxd.it/2aKc
2022-08-07,We Need to Talk About Kevin,2011,https://boxd.it/2pTS
2022-08-07,RoboCop,1987,https://boxd.it/22Wu
2022-08-07,The Witch,2015,https://boxd.it/9X0m
2022-08-07,The Wolf of Wall Street,2013,https://boxd.it/3C1m
2022-08-07,Recount,2008,https://boxd.it/1ORA
2022-08-07,Fando and Lis,1968,https://boxd.it/1fPY
2022-08-07,This Is England,2006,https://boxd.it/1T44
2022-08-07,Jodorowsky's Dune,2013,https://boxd.it/5MP6
2022-08-07,Cujo,1983,https://boxd.it/1W8o
2022-08-07,Mister America,2019,https://boxd.it/mDiQ
2022-08-07,The Virgin Spring,1960,https://boxd.it/1TjI
2022-08-07,Magnolia,1999,https://boxd.it/2aze
2022-08-07,Twin Peaks: Fire Walk with Me,1992,https://boxd.it/27Qw
2022-08-07,Snowtown,2011,https://boxd.it/2f1Q
2022-08-07,They Live,1988,https://boxd.it/20lm
2022-08-07,Good Will Hunting,1997,https://boxd.it/2ahY
2022-08-07,Step Brothers,2008,https://boxd.it/1SsE
2022-08-07,Tim and Eric's Billion Dollar Movie,2012,https://boxd.it/2MI4
2022-08-07,Inland Empire,2006,https://boxd.it/28d6
2022-08-07,Mulholland Drive,2001,https://boxd.it/297o
2022-08-07,The Straight Story,1999,https://boxd.it/2ass
2022-08-07,Lost Highway,1997,https://boxd.it/29Wc
2022-08-07,Wild at Heart,1990,https://boxd.it/2aii
2022-08-07,Blue Velvet,1986,https://boxd.it/29BI
2022-08-07,The Elephant Man,1980,https://boxd.it/27LQ
2022-08-07,Eraserhead,1977,https://boxd.it/299u
2022-08-07,Under the Silver Lake,2018,https://boxd.it/dSAs
2022-08-07,Christine,2016,https://boxd.it/bhFm
2022-08-07,Insomnia,1997,https://boxd.it/1txk
2022-08-07,Ringu,1998,https://boxd.it/26tw
2022-08-07,Die Hard,1988,https://boxd.it/2a7u
2022-08-07,Stargate,1994,https://boxd.it/27iu
2022-08-07,The Game,1997,https://boxd.it/26vC
2022-08-07,Alien,1979,https://boxd.it/2awY
2022-08-07,The Amusement Park,1975,https://boxd.it/kxqK
2022-08-07,What's Eating Gilbert Grape,1993,https://boxd.it/28xg
2022-08-07,Witness,1985,https://boxd.it/1Z4O
2022-08-07,As It Is in Heaven,2004,https://boxd.it/2akI
2022-08-07,Paterson,2016,https://boxd.it/cRk2
2022-08-07,Snowden,2016,https://boxd.it/9CWO
2022-08-07,Sling Blade,1996,https://boxd.it/1RRo
2022-08-07,Nobody,2021,https://boxd.it/mLqS
2022-08-07,Hacksaw Ridge,2016,https://boxd.it/azew
2022-08-07,Tag,2015,https://boxd.it/bjvI
2022-08-07,Pulp Fiction,1994,https://boxd.it/29Pq
2022-08-07,The Silence of the Lambs,1991,https://boxd.it/2aHW
2022-08-07,Let the Right One In,2008,https://boxd.it/1Qr0
2022-08-07,The Dark Knight Rises,2012,https://boxd.it/H3m
2022-08-07,Guardians of the Galaxy,2014,https://boxd.it/3VH2
2022-08-07,Guardians of the Galaxy Vol. 2,2017,https://boxd.it/8MxC
2022-08-07,John Wick,2014,https://boxd.it/7dEc
2022-08-07,John Wick: Chapter 2,2017,https://boxd.it/ayGu
2022-08-07,John Wick: Chapter 3 - Parabellum,2019,https://boxd.it/gmFw
2022-08-07,Jurassic Park,1993,https://boxd.it/2aA2
2022-08-07,Schindler's List,1993,https://boxd.it/2aq2
2022-08-07,Framing John DeLorean,2019,https://boxd.it/jQau
2022-08-07,Candyman,1992,https://boxd.it/1Ys6
2022-08-07,Rosemary's Baby,1968,https://boxd.it/29zM
2022-08-07,SOPOR,1981,https://boxd.it/4mTE
2022-08-07,The Shining,1980,https://boxd.it/29Nu
2022-08-07,Scary Stories to Tell in the Dark,2019,https://boxd.it/eJTW
2022-08-07,Se7en,1995,https://boxd.it/29zs
2022-08-07,Pink Floyd: The Wall,1982,https://boxd.it/1Sxk
2022-08-07,Hellraiser,1987,https://boxd.it/1Zpi
2022-08-07,Blade,1998,https://boxd.it/1a8A
2022-08-07,El Camino: A Breaking Bad Movie,2019,https://boxd.it/kv0q
2022-08-07,Scarface,1983,https://boxd.it/2b7g
2022-08-07,Apostle,2018,https://boxd.it/f0so
2022-08-07,American Psycho,2000,https://boxd.it/28Vs
2022-08-07,Psycho,1960,https://boxd.it/2ab2
2022-08-07,The Seventh Seal,1957,https://boxd.it/2ahO
2022-08-07,Fight Club,1999,https://boxd.it/2a9q
2022-08-07,The Exorcism of Emily Rose,2005,https://boxd.it/200I
2022-08-07,The Exorcist,1973,https://boxd.it/1Yoo
2022-08-07,Django Unchained,2012,https://boxd.it/2cCk
2022-08-07,The House That Jack Built,2018,https://boxd.it/dWO4
2022-08-07,Starship Troopers,1997,https://boxd.it/2a7k
2022-08-07,8 Mile,2002,https://boxd.it/2bew
2022-08-07,A Clockwork Orange,1971,https://boxd.it/2aVE
2022-08-07,Scream,1996,https://boxd.it/24EC
2022-08-07,The First Purge,2018,https://boxd.it/fJfk
2022-08-07,Stockholm,2018,https://boxd.it/fxLo
2022-08-07,A Fistful of Dollars,1964,https://boxd.it/2auo
2022-08-07,The Ring,2002,https://boxd.it/2a70
2022-08-07,Doctor Sleep,2019,https://boxd.it/i5vI
2022-08-07,Zodiac,2007,https://boxd.it/27MO
2022-08-07,The Shawshank Redemption,1994,https://boxd.it/2aHi
2022-08-07,Braindead,1992,https://boxd.it/29Gy
2022-08-07,Primer,2004,https://boxd.it/6YA
2022-08-07,Memento,2000,https://boxd.it/2bcK
2022-08-07,The Truman Show,1998,https://boxd.it/18U8
2022-08-07,Shaun of the Dead,2004,https://boxd.it/29J8
2022-08-07,1917,2019,https://boxd.it/jj4y
2022-08-07,Session 9,2001,https://boxd.it/1UXu
2022-08-07,The Sixth Sense,1999,https://boxd.it/29Js
2022-08-07,Star Wars: The Force Awakens,2015,https://boxd.it/4vru
2022-08-07,Rogue One: A Star Wars Story,2016,https://boxd.it/aPvy
2022-08-07,Be My Cat: A Film for Anne,2015,https://boxd.it/aIwk
2022-08-07,Idiocracy,2006,https://boxd.it/20RW
2022-08-07,Cube,1997,https://boxd.it/2aoU
2022-08-07,Death Race 2000,1975,https://boxd.it/1QuI
2022-08-07,Twelve Monkeys,1995,https://boxd.it/2beQ
2022-08-07,The Machinist,2004,https://boxd.it/248c
2022-08-07,Rescue Dawn,2006,https://boxd.it/1XrQ
2022-08-07,The Fighter,2010,https://boxd.it/PP4
2022-08-07,Guns Akimbo,2019,https://boxd.it/gkFu
2022-08-07,Dune,1984,https://boxd.it/29tY
2022-08-07,Apocalypse Now,1979,https://boxd.it/6ZS
2022-08-07,Hearts of Darkness: A Filmmaker's Apocalypse,1991,https://boxd.it/24ai
2022-08-07,American Hustle,2013,https://boxd.it/5dz8
2022-08-07,Signs,2002,https://boxd.it/26t2
2022-08-07,Bad Boy Bubby,1993,https://boxd.it/1OHq
2022-08-07,Once Upon a Time… in Hollywood,2019,https://boxd.it/gH0O
2022-08-07,Serenity,2005,https://boxd.it/1Km4
2022-08-07,Vice,2018,https://boxd.it/fcFY
2022-08-07,Red Dog,2011,https://boxd.it/1Si
2022-08-07,Tenet,2020,https://boxd.it/leq4
2022-08-07,Jacob's Ladder,1990,https://boxd.it/270g
2022-08-07,Chopper,2000,https://boxd.it/1YtI
2022-08-07,Trainspotting,1996,https://boxd.it/29XY
2022-08-07,Soul,2020,https://boxd.it/ioLA
2022-08-07,The Big Short,2015,https://boxd.it/ajZw
2022-08-07,Rocky,1976,https://boxd.it/28Uk
2022-08-07,Ford v Ferrari,2019,https://boxd.it/ce74
2022-08-07,The Killing Fields,1984,https://boxd.it/29Yi
2022-08-07,The Irishman,2019,https://boxd.it/dYOq
2022-08-07,Cannibal Holocaust,1980,https://boxd.it/1ZWQ
2022-08-07,Tommy,1975,https://boxd.it/1U7S
2022-08-07,Tenebre,1982,https://boxd.it/1mRM
2022-08-07,The Descent,2005,https://boxd.it/1YNy
2022-08-07,TRON: Legacy,2010,https://boxd.it/1Dlo
2022-08-07,Requiem,2006,https://boxd.it/2adC
2022-08-07,One Hour Photo,2002,https://boxd.it/1YT2
2022-08-07,Pi,1998,https://boxd.it/2ajq
2022-08-07,Gaslight,1944,https://boxd.it/1PYs
2022-08-07,The Sting,1973,https://boxd.it/1Z5s
2022-08-07,Strangers on a Train,1951,https://boxd.it/29tk
2022-08-07,Silver Streak,1976,https://boxd.it/1TyI
2022-08-07,Fortress,1992,https://boxd.it/1SzA
2022-08-07,The Breakfast Club,1985,https://boxd.it/27q4
2022-08-07,Child's Play,1988,https://boxd.it/1VTo
2022-08-07,Spookies,1986,https://boxd.it/1toi
2022-08-07,Mad Max,1979,https://boxd.it/1Y7i
2022-08-07,The Fugitive,1993,https://boxd.it/230G
2022-08-07,Children of Men,2006,https://boxd.it/1Y2i
2022-08-07,The Usual Suspects,1995,https://boxd.it/29XE
2022-08-07,Liar Liar,1997,https://boxd.it/28sg
2022-08-07,The Killing,1956,https://boxd.it/2aMi
2022-08-07,Dead Again,1991,https://boxd.it/1TIe
2022-08-07,Trauma,2004,https://boxd.it/1DCE
2022-08-07,Antichrist,2009,https://boxd.it/1Inu
2022-08-07,Groundhog Day,1993,https://boxd.it/2b3e
2022-08-07,Poltergeist,1982,https://boxd.it/2a0o
2022-08-07,Deep Red,1975,https://boxd.it/1E1E
2022-08-07,The Texas Chain Saw Massacre,1974,https://boxd.it/1lcS
2022-08-07,The Hills Have Eyes,1977,https://boxd.it/1Sa6
2022-08-07,The Devil's Rejects,2005,https://boxd.it/28hC
2022-08-07,Tetsuo: The Iron Man,1989,https://boxd.it/ZoM
2022-08-07,The 100 Year-Old Man Who Climbed Out the Window and Disappeared,2013,https://boxd.it/4CHE
2022-08-07,Requiem for a Dream,2000,https://boxd.it/29VI
2022-08-07,Friday the 13th,1980,https://boxd.it/24fs
2022-08-07,A Nightmare on Elm Street,1984,https://boxd.it/2aw0
2022-08-07,Full Metal Jacket,1987,https://boxd.it/2a1Q
2022-08-07,Run Lola Run,1998,https://boxd.it/2b8o
2022-08-07,The Hateful Eight,2015,https://boxd.it/8gw8
2022-08-07,The Queen,2006,https://boxd.it/292e
2022-08-07,The Blair Witch Project,1999,https://boxd.it/26ua
2022-08-07,Birdman or (The Unexpected Virtue of Ignorance),2014,https://boxd.it/5RFA
2022-08-08,Comfort and Joy,1984,https://boxd.it/1lEW
2022-08-08,Mississippi Burning,1988,https://boxd.it/28r8
2022-08-08,Repulsion,1965,https://boxd.it/1TKu
2022-08-08,Matchstick Men,2003,https://boxd.it/215a
2022-08-08,Electroma,2006,https://boxd.it/1PYi
2022-08-08,Million Dollar Baby,2004,https://boxd.it/2bdI
2022-08-08,A Hole in the Head,1998,https://boxd.it/2Hhi
2022-08-08,Forrest Gump,1994,https://boxd.it/728
2022-08-08,Project X,2012,https://boxd.it/neO
2022-08-09,The Firm,1993,https://boxd.it/18JY
2022-08-09,The Client,1994,https://boxd.it/1VwO
2022-08-10,Zulu,1964,https://boxd.it/1O6Y
2022-08-10,The Black Phone,2021,https://boxd.it/sqFE
2022-08-10,Wall Street,1987,https://boxd.it/1VFG
2022-08-11,Häxan,1922,https://boxd.it/n4O
2022-08-12,Fire in the Sky,1993,https://boxd.it/1LS6
2022-08-12,Soylent Green,1973,https://boxd.it/1SxE
2022-08-12,"Synecdoche, New York",2008,https://boxd.it/23zw
2022-08-13,The Omen,1976,https://boxd.it/29By
2022-08-18,Hustle,2022,https://boxd.it/qpig
2022-08-18,mother!,2017,https://boxd.it/dgRU
2022-08-19,Man on the Moon,1999,https://boxd.it/281k
2022-08-19,Frailty,2001,https://boxd.it/1Sqe
2022-08-19,Johnny Got His Gun,1971,https://boxd.it/1KkM
2022-08-19,A Cure for Wellness,2016,https://boxd.it/bkQW
2022-08-20,A Few Good Men,1992,https://boxd.it/29nw
2022-08-20,Nightmare Alley,2021,https://boxd.it/m0HC
2022-08-20,A Man for All Seasons,1966,https://boxd.it/29oE
2022-08-21,Good Time,2017,https://boxd.it/fcFu
2022-08-21,Come and See,1985,https://boxd.it/1w9q
2022-08-21,Black Peter,1964,https://boxd.it/LPO
2022-08-21,Loves of a Blonde,1965,https://boxd.it/13NG
2022-08-23,Eden Lake,2008,https://boxd.it/1Q1m
2022-08-23,The Firemen's Ball,1967,https://boxd.it/15Yc
2022-08-23,Fanny and Alexander,1982,https://boxd.it/22go
2022-08-24,The Music of Erich Zann,1980,https://boxd.it/8IkO
2022-08-24,Escape from New York,1981,https://boxd.it/294k
2022-08-24,Funny Games,1997,https://boxd.it/1WKM
2022-08-24,The Sacrifice,1986,https://boxd.it/1xg8
2022-08-25,Election,1999,https://boxd.it/1YEc
2022-08-25,The Nice Guys,2016,https://boxd.it/94Hg
2022-08-25,"Wax, or The Discovery of Television Among the Bees",1991,https://boxd.it/une
2022-08-25,When the Wind Blows,1986,https://boxd.it/1VdC
2022-08-26,Angst,1983,https://boxd.it/1G46
2022-08-26,M,1931,https://boxd.it/29vq
2022-08-26,Kids,1995,https://boxd.it/1YUY
2022-08-26,Affliction,1997,https://boxd.it/1iAM
2022-08-26,Master and Commander: The Far Side of the World,2003,https://boxd.it/200S
2022-08-27,A Simple Plan,1998,https://boxd.it/1WMo
2022-08-28,Animal Kingdom,2010,https://boxd.it/Ru8
2022-08-28,Click,2006,https://boxd.it/1YVM
2022-08-28,Following,1998,https://boxd.it/1Tj4
2022-08-28,Taking Off,1971,https://boxd.it/hnq
2022-08-28,Elephant,2003,https://boxd.it/287i
2022-08-28,Southpaw,2015,https://boxd.it/9Phu
2022-08-29,Local Hero,1983,https://boxd.it/1Uiw
2022-08-29,Michael Clayton,2007,https://boxd.it/2466
2022-08-30,Waterworld,1995,https://boxd.it/1XLG
2022-08-31,Orphan,2009,https://boxd.it/1CgM
2022-09-01,Romper Stomper,1992,https://boxd.it/1Wku
2022-09-02,True History of the Kelly Gang,2019,https://boxd.it/i6pm
2022-09-03,The Deer Hunter,1978,https://boxd.it/1T6O
2022-09-03,Nil by Mouth,1997,https://boxd.it/1Cde
2022-09-04,Cliffhanger,1993,https://boxd.it/1YU0
2022-09-04,Suspiria,1977,https://boxd.it/1SNW
2022-09-04,Through a Glass Darkly,1961,https://boxd.it/1TrW
2022-09-05,One Flew Over the Cuckoo's Nest,1975,https://boxd.it/2aeA
2022-09-06,Hair,1979,https://boxd.it/1VIA
2022-09-06,Ragtime,1981,https://boxd.it/1vyE
2022-09-07,Amadeus,1984,https://boxd.it/2aH8
2022-09-08,Valmont,1989,https://boxd.it/17WW
2022-09-08,The People vs. Larry Flynt,1996,https://boxd.it/28rs
2022-09-08,Goya's Ghosts,2006,https://boxd.it/1TFE
2022-09-08,THX 1138,1971,https://boxd.it/29Ww
2022-09-10,American Graffiti,1973,https://boxd.it/29us
2022-09-10,Boiling Point,2021,https://boxd.it/uo2u
2022-09-10,Brazil,1985,https://boxd.it/2be2
2022-09-11,Dancer in the Dark,2000,https://boxd.it/71E
2022-09-11,Kes,1969,https://boxd.it/1Qi8
2022-09-12,Heat,1995,https://boxd.it/2bg8
2022-09-13,Cry Macho,2021,https://boxd.it/s9z0
2022-09-14,Ordet,1955,https://boxd.it/Jiy
2022-09-15,The Fifth Element,1997,https://boxd.it/71k
2022-09-16,Picnic at Hanging Rock,1975,https://boxd.it/1UQe
2022-09-17,Satantango,1994,https://boxd.it/1j9M
2022-09-19,The Northman,2022,https://boxd.it/nK2s
2022-09-19,North by Northwest,1959,https://boxd.it/2aRM
2022-09-20,Fantastic Planet,1973,https://boxd.it/1KnQ
2022-09-21,Dragged Across Concrete,2018,https://boxd.it/fAly
2022-09-22,No Country for Old Men,2007,https://boxd.it/21ew
2022-09-22,There Will Be Blood,2007,https://boxd.it/20Z2
2022-09-22,The Lighthouse,2019,https://boxd.it/icFU
2022-09-23,12 Angry Men,1957,https://boxd.it/2auI
2022-09-23,Mary and Max,2009,https://boxd.it/1y2m
2022-09-24,Noroi: The Curse,2005,https://boxd.it/1BN6
2022-09-24,Big Trouble,2002,https://boxd.it/27fq
2022-09-24,The Cars That Ate Paris,1974,https://boxd.it/awU
2022-09-24,The Assassination of Jesse James by the Coward Robert Ford,2007,https://boxd.it/24dG
2022-09-24,Dirt Dauber,2009,https://boxd.it/oxn0
2022-09-24,AM1200,2008,https://boxd.it/143E
2022-09-24,Men Behind the Sun,1988,https://boxd.it/1uGi
2022-09-24,Licorice Pizza,2021,https://boxd.it/qTKY
2022-09-25,The Gray Man,2022,https://boxd.it/rb7q
2022-09-25,The Master,2012,https://boxd.it/2cBG
2022-09-25,To Live and Die in L.A.,1985,https://boxd.it/1XFo
2022-09-25,Who Saw Him Die?,1968,https://boxd.it/43hm
2022-09-26,Anchorman: The Legend of Ron Burgundy,2004,https://boxd.it/1ZVo
2022-09-26,Dead Poets Society,1989,https://boxd.it/2aSg
2022-09-26,Dial M for Murder,1954,https://boxd.it/2adW
2022-09-26,Rear Window,1954,https://boxd.it/2a6Q
2022-09-27,A Pigeon Sat on a Branch Reflecting on Existence,2014,https://boxd.it/3Ifa
2022-09-30,The Mist,2007,https://boxd.it/22r2
2022-10-01,The Square,2017,https://boxd.it/e5YW
2022-10-01,The Thin Red Line,1998,https://boxd.it/1ZTM
2022-10-02,Inherent Vice,2014,https://boxd.it/5hla
2022-10-02,Boogie Nights,1997,https://boxd.it/23um
2022-10-02,Phantom Thread,2017,https://boxd.it/e4uc
2022-10-02,Hard Eight,1996,https://boxd.it/20DU
2022-10-02,Punch-Drunk Love,2002,https://boxd.it/20E4
2022-10-03,Black Swan,2010,https://boxd.it/Sw0
2022-10-03,The Lion in Winter,1968,https://boxd.it/1FVe
2022-10-03,The Mule,2018,https://boxd.it/idcY
2022-10-03,The Spiral Staircase,1946,https://boxd.it/1rLY
2022-10-03,The Wrestler,2008,https://boxd.it/1So8
2022-10-03,Event Horizon,1997,https://boxd.it/20d8
2022-10-04,Munich,2005,https://boxd.it/2a0e
2022-10-04,Dear Zachary: A Letter to a Son About His Father,2008,https://boxd.it/1LW8
2022-10-04,Minority Report,2002,https://boxd.it/2aWi
2022-10-04,Killing Them Softly,2012,https://boxd.it/IQ
2022-10-05,Upstream Color,2013,https://boxd.it/4Cwc
2022-10-05,Valerie and Her Week of Wonders,1970,https://boxd.it/NsC
2022-10-06,The Green Mile,1999,https://boxd.it/2agG
2022-10-06,Dead Man's Letters,1986,https://boxd.it/2wKy
2022-10-07,Napoleon Dynamite,2004,https://boxd.it/20wu
2022-10-10,The Year of Living Dangerously,1982,https://boxd.it/1TBs
2022-10-10,The Mosquito Coast,1986,https://boxd.it/1UAA
2022-10-11,Office Space,1999,https://boxd.it/28Em
2022-10-11,Logan's Run,1976,https://boxd.it/1Vma
2022-10-11,Re-Animator,1985,https://boxd.it/28hM
2022-10-12,Terrified,2017,https://boxd.it/hCyy
2022-10-12,The Dish,2000,https://boxd.it/23a2
2022-10-12,Bullet Train,2022,https://boxd.it/qW26
2022-10-13,Dogtooth,2009,https://boxd.it/158K
2022-10-13,Gone Girl,2014,https://boxd.it/6hQu
2022-10-13,Short Cuts,1993,https://boxd.it/29Nk
2022-10-14,Panic Room,2002,https://boxd.it/2490
2022-10-14,The Poughkeepsie Tapes,2007,https://boxd.it/162y
2022-10-15,Vengeance,2022,https://boxd.it/pu7U
2022-10-15,The Believer,2001,https://boxd.it/24Qy
2022-10-16,Shadow of a Doubt,1943,https://boxd.it/1BtA
2022-10-16,Lake Mungo,2008,https://boxd.it/1rWM
2022-10-17,Fearless,1993,https://boxd.it/1WfE
2022-10-17,Next of Kin,1982,https://boxd.it/2ZQg
2022-10-18,L.A. Confidential,1997,https://boxd.it/27oC
2022-10-19,"Ivan the Terrible, Part I",1944,https://boxd.it/1XMO
2022-10-20,"Ivan the Terrible, Part II: The Boyars' Plot",1958,https://boxd.it/Vfc
2022-10-20,Battleship Potemkin,1925,https://boxd.it/29Vo
2022-10-20,Anomalisa,2015,https://boxd.it/97TE
2022-10-20,Paths of Glory,1957,https://boxd.it/29b6
2022-10-20,Pusher,1996,https://boxd.it/27wG
2022-10-20,Stand by Me,1986,https://boxd.it/2aOe
2022-10-21,Songs from the Second Floor,2000,https://boxd.it/1eoM
2022-10-21,The Fan,1982,https://boxd.it/3zkA
2022-10-23,Gettin' Square,2003,https://boxd.it/1zvO
2022-10-23,The Ox,1991,https://boxd.it/48kg
2022-10-23,Rope,1948,https://boxd.it/28yo
2022-10-23,Even Hitler Had a Girlfriend,1991,https://boxd.it/62Bu
2022-10-24,Fish & Cat,2013,https://boxd.it/7ai8
2022-10-24,"Clean, Shaven",1993,https://boxd.it/28IS
2022-10-24,Creature from the Black Lagoon,1954,https://boxd.it/1UXk
2022-10-24,Persona,1966,https://boxd.it/29B4
2022-10-24,"You, the Living",2007,https://boxd.it/22xO
2022-10-25,Nekromantik,1988,https://boxd.it/1T0w
2022-10-25,Relic,2020,https://boxd.it/jEwS
2022-10-25,Martyrs,2008,https://boxd.it/1Yqu
2022-10-25,"Argentina, 1985",2022,https://boxd.it/qLxM
2022-10-26,Torment,1944,https://boxd.it/C3w
2022-10-27,Children of the Corn,1984,https://boxd.it/1ViW
2022-10-27,Death in Brunswick,1990,https://boxd.it/17r0
2022-10-27,Celia,1989,https://boxd.it/2bAM
2022-10-28,Savageland,2015,https://boxd.it/aEdS
2022-10-28,Don't Go in the House,1979,https://boxd.it/132K
2022-10-28,8½,1963,https://boxd.it/2aqm
2022-10-28,They Look Like People,2015,https://boxd.it/aAEg
2022-10-28,A Man Called Ove,2015,https://boxd.it/bHuY
2022-10-29,Lolita,1962,https://boxd.it/29Ag
2022-10-29,Body Melt,1993,https://boxd.it/1AxQ
2022-10-30,Snatch,2000,https://boxd.it/2b7U
2022-10-30,The Empty Man,2020,https://boxd.it/iIWS
2022-10-30,Exhibit A,2007,https://boxd.it/Gi6
2022-10-30,The Boys from Brazil,1978,https://boxd.it/1KvK
2022-10-31,Eyes Wide Shut,1999,https://boxd.it/2axs
2022-10-31,To Catch a Thief,1955,https://boxd.it/2avm
2022-11-01,The Bling Ring,2013,https://boxd.it/3lPY
2022-11-01,The Proposition,2005,https://boxd.it/1JUE
2022-11-01,Gummo,1997,https://boxd.it/1H0Y
2022-11-03,Irreversible,2002,https://boxd.it/29as
2022-11-03,Diên Biên Phu,1992,https://boxd.it/2z62
2022-11-03,Don't Look Now... We're Being Shot At!,1966,https://boxd.it/20oq
2022-11-04,Wolf Creek,2005,https://boxd.it/1XC0
2022-11-04,Man Bites Dog,1992,https://boxd.it/1X7Q
2022-11-05,Murder Death Koreatown,2020,https://boxd.it/paNG
2022-11-05,Weird: The Al Yankovic Story,2022,https://boxd.it/yYZA
2022-11-05,Spider,2002,https://boxd.it/1YeI
2022-11-05,"Oslo, August 31st",2011,https://boxd.it/2xQC
2022-11-05,The Loved Ones,2009,https://boxd.it/NdC
2022-11-05,Kidnapped,2010,https://boxd.it/Ize
2022-11-05,Winter Light,1963,https://boxd.it/1nrU
2022-11-06,Django,1966,https://boxd.it/1Vr0
2022-11-06,The Evil Dead,1981,https://boxd.it/29Go
2022-11-06,Badlands,1973,https://boxd.it/25Fm
2022-11-06,Two-Lane Blacktop,1971,https://boxd.it/1sfE
2022-11-07,Notorious,1946,https://boxd.it/2aDK
2022-11-07,Kotoko,2011,https://boxd.it/3030
2022-11-07,The Devil's Eye,1960,https://boxd.it/JaO
2022-11-07,Altered States,1980,https://boxd.it/1TBi
2022-11-07,Aniara,2018,https://boxd.it/hUMe
2022-11-08,Swimming with Sharks,1994,https://boxd.it/1DJq
2022-11-08,The Sisters Brothers,2018,https://boxd.it/fDFm
2022-11-08,Night of the Living Dead,1968,https://boxd.it/1WwA
2022-11-08,Pulse,2001,https://boxd.it/1s3y
2022-11-09,The Ninth Gate,1999,https://boxd.it/29YM
2022-11-09,Rashomon,1950,https://boxd.it/2a9K
2022-11-10,Days of Heaven,1978,https://boxd.it/1JRg
2022-11-10,The Dressmaker,2015,https://boxd.it/9sZy
2022-11-10,Clue,1985,https://boxd.it/1MDQ
2022-11-11,The Void,2016,https://boxd.it/d93S
2022-11-11,Twenty Years Later,1984,https://boxd.it/33Oo
2022-11-12,Hour of the Wolf,1968,https://boxd.it/1H9G
2022-11-12,Cries and Whispers,1972,https://boxd.it/1WK8
2022-11-13,The Taking of Pelham One Two Three,1974,https://boxd.it/20lG
2022-11-13,Eternal Sunshine of the Spotless Mind,2004,https://boxd.it/6YK
2022-11-13,I Am Curious (Yellow),1967,https://boxd.it/Wg6
2022-11-14,A Ship to India,1947,https://boxd.it/3AY2
2022-11-14,Uncut Gems,2019,https://boxd.it/gXGc
2022-11-15,The Gate,1987,https://boxd.it/21ka
2022-11-15,Scarlet Street,1945,https://boxd.it/1JgE
2022-11-16,The Man Who Sleeps,1974,https://boxd.it/3xwE
2022-11-16,The Beaver Trilogy,2000,https://boxd.it/SIK
2022-11-17,Sawdust and Tinsel,1953,https://boxd.it/K1S
2022-11-18,Frownland,2007,https://boxd.it/1z7W
2022-11-19,Pan's Labyrinth,2006,https://boxd.it/28No
2022-11-19,"As Above, So Below",2014,https://boxd.it/7yui
2022-11-19,The Lady Vanishes,1938,https://boxd.it/29ea
2022-11-20,The Card Counter,2021,https://boxd.it/nTH0
2022-11-20,What About Bob?,1991,https://boxd.it/1WEk
2022-11-20,Kramer vs. Kramer,1979,https://boxd.it/h0w
2022-11-21,Kon-Tiki,2012,https://boxd.it/2sX4
2022-11-21,The Man from Snowy River,1982,https://boxd.it/1xZ8
2022-11-21,The Father,2020,https://boxd.it/m8Ie
2022-11-21,Possessor,2020,https://boxd.it/fsJW
2022-11-22,When a Stranger Calls,1979,https://boxd.it/OhK
2022-11-22,Moon,2009,https://boxd.it/1IGQ
2022-11-22,DEFCON: The Documentary,2013,https://boxd.it/6jRE
2022-11-22,Videodrome,1983,https://boxd.it/29uC
2022-11-23,Casablanca,1942,https://boxd.it/2aG0
2022-11-23,Being John Malkovich,1999,https://boxd.it/2ahu
2022-11-23,Bicycle Thieves,1948,https://boxd.it/23hW
2022-11-23,Out of the Blue,1980,https://boxd.it/1456
2022-11-24,Network,1976,https://boxd.it/1VqG
2022-11-25,Gran Torino,2008,https://boxd.it/1Qzy
2022-11-25,Reprise,2006,https://boxd.it/1Sji
2022-11-25,Hôtel Terminus: The Life and Times of Klaus Barbie,1988,https://boxd.it/Y6M
2022-11-26,Toys,1992,https://boxd.it/1TsK
2022-11-26,I Am the Pretty Thing That Lives in the House,2016,https://boxd.it/elo6
2022-11-26,The Long Good Friday,1980,https://boxd.it/1NlS
2022-11-26,TÁR,2022,https://boxd.it/uNIA
2022-11-26,Sea Fever,2019,https://boxd.it/ilUk
2022-11-27,Lawrence of Arabia,1962,https://boxd.it/2wRE
2022-11-27,The Matrix,1999,https://boxd.it/2a1m
2022-11-27,Dead Man's Shoes,2004,https://boxd.it/1R6C
2022-11-27,Messiah of Evil,1973,https://boxd.it/1wLY
2022-11-27,Pandorum,2009,https://boxd.it/1Eo4
2022-11-28,Alone in the Dark,1982,https://boxd.it/10xq
2022-11-28,The Ritual,2017,https://boxd.it/fo0I
2022-11-29,Il Capitano: A Swedish Requiem,1991,https://boxd.it/2qfY
2022-11-30,The Forbidden Photos of a Lady Above Suspicion,1970,https://boxd.it/3eow
2022-11-30,The Seventh Continent,1989,https://boxd.it/1gB4
2022-12-01,Raging Bull,1980,https://boxd.it/28yI
2022-12-01,The Worst Person in the World,2021,https://boxd.it/oyws
2022-12-02,Autumn Sonata,1978,https://boxd.it/1Rio
2022-12-03,The Brown Bunny,2003,https://boxd.it/1RnI
2022-12-03,Food of the Gods II,1989,https://boxd.it/2dwM
2022-12-04,Dune,2021,https://boxd.it/fA7G
2022-12-04,Miracle Mile,1988,https://boxd.it/1x68
2022-12-04,The Passion of Joan of Arc,1928,https://boxd.it/29DO
2022-12-04,News from Home,1976,https://boxd.it/34TO
2022-12-05,Secret Honor,1984,https://boxd.it/EAs
2022-12-05,The Cremator,1969,https://boxd.it/1H8y
2022-12-10,The Beyond,1981,https://boxd.it/1FtY
2022-12-11,Miss Julie,1951,https://boxd.it/1GxW
2022-12-12,Adalen 31,1969,https://boxd.it/3686
2022-12-12,Necronomicon,1993,https://boxd.it/1gic
2022-12-14,Edvard Munch,1974,https://boxd.it/E3y
2022-12-14,Killer Bean Forever,2008,https://boxd.it/1xtG
2022-12-15,Thriller: A Cruel Picture,1973,https://boxd.it/1MZs
2022-12-16,A Royal Night Out,2015,https://boxd.it/9wyG
2022-12-17,In the Mouth of Madness,1994,https://boxd.it/26vi
2022-12-18,Yellow Submarine,1968,https://boxd.it/1Sxa
2022-12-18,Sir Arne's Treasure,1919,https://boxd.it/1po4
2022-12-19,Under the Skin,2013,https://boxd.it/3mDa
2022-12-19,Vanishing Point,1971,https://boxd.it/1SH0
2022-12-19,Men in Black,1997,https://boxd.it/2a0I
2022-12-19,Summer Interlude,1951,https://boxd.it/KDC
2022-12-20,Summer with Monika,1953,https://boxd.it/JZC
2022-12-20,The Passion of Anna,1969,https://boxd.it/Wus
2022-12-22,The Bird with the Crystal Plumage,1970,https://boxd.it/1DDW
2022-12-22,The Big Lebowski,1998,https://boxd.it/2b6C
2022-12-22,Equilibrium,2002,https://boxd.it/211s
2022-12-22,Predestination,2014,https://boxd.it/6bJM
2022-12-23,The Player,1992,https://boxd.it/1WlM
2022-12-23,Straw Dogs,1971,https://boxd.it/2982
2022-12-23,Witness for the Prosecution,1957,https://boxd.it/18H4
2022-12-23,Happiness,1998,https://boxd.it/1VEe
2022-12-24,The Accountant,2016,https://boxd.it/9EhI
2022-12-24,Tron,1982,https://boxd.it/2b9w
2022-12-24,Predator,1987,https://boxd.it/2b84
2022-12-24,Rebecca,1940,https://boxd.it/2aQa
2022-12-25,Kan du vissla Johanna?,1994,https://boxd.it/2E3C
2022-12-26,Christopher's Christmas Mission,1975,https://boxd.it/2Bby
2022-12-26,Upgrade,2018,https://boxd.it/i4gW
2022-12-27,The Man Who Fell to Earth,1976,https://boxd.it/298w
2022-12-27,The Nightmare Before Christmas,1993,https://boxd.it/1YzQ
2022-12-28,Total Recall,1990,https://boxd.it/29qK
2022-12-28,Overlord,1975,https://boxd.it/s3w
2022-12-28,The Town That Dreaded Sundown,1976,https://boxd.it/J3I
2022-12-28,Blade Runner,1982,https://boxd.it/2bcA
2022-12-28,The War Lord,1965,https://boxd.it/WkM
2022-12-28,Once Upon a Time in the West,1968,https://boxd.it/2az4
2022-12-29,Henry: Portrait of a Serial Killer,1986,https://boxd.it/1VCM
2022-12-29,Inside,2007,https://boxd.it/1QqG
2022-12-30,The Beatles: Get Back,2021,https://boxd.it/xo7A
2022-12-30,Murder on the Orient Express,1974,https://boxd.it/24IY
2022-12-30,The Celebration,1998,https://boxd.it/2aCM
2022-12-30,Repatriation,2003,https://boxd.it/3Vvg
2022-12-31,The Idiots,1998,https://boxd.it/2amu
2022-12-31,Soldier of Orange,1977,https://boxd.it/29X0
2023-01-01,The Birds,1963,https://boxd.it/2a6m
2023-01-02,The Trial,1962,https://boxd.it/25Xg
2023-01-03,Anna Christie,1930,https://boxd.it/VXS
2023-01-06,Freddy Got Fingered,2001,https://boxd.it/1QGk
2023-01-06,The Bothersome Man,2006,https://boxd.it/1QpS
2023-01-08,The Flight of the Eagle,1982,https://boxd.it/2nwC
2023-01-10,The Godfather,1972,https://boxd.it/2aNK
2023-01-10,The Menu,2022,https://boxd.it/lScm
2023-01-11,Reservoir Dogs,1992,https://boxd.it/2agc
2023-01-11,Brainscan,1994,https://boxd.it/1Oum
2023-01-11,The French Connection,1971,https://boxd.it/296g
2023-01-12,Adam's Apples,2005,https://boxd.it/297e
2023-01-13,2001: A Space Odyssey,1968,https://boxd.it/2bf0
2023-01-13,I'm Thinking of Ending Things,2020,https://boxd.it/i4IQ
2023-01-14,Adaptation.,2002,https://boxd.it/26mA
2023-01-15,Possession,1981,https://boxd.it/1BPm
2023-01-15,Spellbound,1945,https://boxd.it/24Ji
2023-01-15,Loving Vincent,2017,https://boxd.it/biIQ
2023-01-16,Crying Out Love in the Center of the World,2004,https://boxd.it/1bme
2023-01-16,Viy,1967,https://boxd.it/nd2
